Alice,
Mary,
Jill,
Karen,
Amanda,
Stacey,
Jennifer,
Jan,
Ashley,
Veronica,
Catherine,
Quatherine,
Kathryn,
Katie,
Frances,
Laura,
Ursula,
Suzanne,
Trista,
Rosa,
Grace,
Jessica,
Yvonne,
Penelope,
Saoirse,
Sofie,
Megan,
Alex,
Dawn,
May,
Ally,
Emma,
Olivia,
Bella,
Mia,
Charlotte,
Emily,
Chloe,
Zoe,
Natalie,
Anna,
Caroline,
Claire,
Madeline,
Sam,
Julia,
Lisa,
Delilah,
Autumn,
Lucy,
Lily,
Ivy,
Sara,
Lorelei,
Winona,
Camilla,
Kris,
Kamala,
Margaret,
Violet,
Teresa,
Sabrina,
Bridget,
Cindy,
Pauline,
Sandra,
Robin,
Kiran,
Casey,
Dorothy,
Rebecca,
Eva,
Rachel,
Kira,
Beth,
Elizabeth,
Isabel,
Betty,
Lyn,
Hannah,
Ophelia,
Sonya,
Quinn,
Amy,
Helen,
Sophia,
Monica,
Wanda,
Annie,
Stella,
Simone,
Abby,
Coleen,
Gwen,
Eileen,
Maya,
Haley,
Alyssa,
Mel,
Holly,
Ariel,
Jasmine,
Dylan,
Tina,
Jordan,
Victoria