Adam,
Steve,
Carl,
Joe,
Jeff,
Bob,
Jon,
Jan,
Adrian,
Dominic,
Sebastian,
Victor,
Larry,
Barry,
Francis,
Harry,
Carter,
Trevor,
Justin,
Douglas,
Frank,
Gary,
Xavier,
Matt,
Sam,
James,
Mark,
Ben,
Liam,
Oliver,
Lucas,
Ethan,
Daniel,
Alex,
Henry,
David,
Anthony,
Chris,
Jack,
Gabe,
Josh,
Jake,
Andy,
Ryan,
Tom,
Charlie,
Hunter,
Leo,
Nick,
Jordan,
Gavin,
Jesse,
Tim,
Nate,
Eddy,
Louis,
Manuel,
Martin,
Christian,
Eli,
Gus,
Greg,
Brian,
Aidan,
Paul,
Bruce,
Robin,
Kiran,
Casey,
Theodore,
Lee,
Ned,
Spencer,
Brent,
Jean-Luc,
Ken,
Tony,
Austin,
Max,
Kai,
Bart,
Derek,
George,
Vlad,
Mike,
Oliver,
Ray,
Connor,
Richard,
Cedric,
Seamus,
Sean,
Roger,
Woody,
Brendan,
Peter,
Miguel,
Romeo,
Andre,
Zayn,
Desmond,
Donald,
Dylan,
Zach,
Evan,
Finn,